Date,Google_Trend_BTC,Twitter_Sentiment_BTC,Reddit_Sentiment_BTC,Google_Trend_ETH,Twitter_Sentiment_ETH,Reddit_Sentiment_ETH
2023-01-01,59,-0.04654907745004033,0.7906901245488858,50,-0.08432391048930432,0.7308518854650681
2023-01-02,62,0.23616701872950352,-0.48315056808661105,34,0.20621649170322365,0.09306778104388091
2023-01-03,81,-0.441305821754588,0.36823637850102053,68,-0.5261077051874508,-0.128562516327817
2023-01-04,86,-0.8933368360909428,0.008309078916947543,33,0.05421400912409213,0.728586581759936
2023-01-05,67,0.3249934075229812,-0.11533884258448102,96,-0.9526235397354867,0.6459523671304008
2023-01-06,51,-0.8299884507968045,-0.925784617746203,86,-0.3606613755520398,-0.9856281615338831
2023-01-07,56,-0.9187837331481836,-0.5692319283851792,60,-0.21909182550572726,-0.43739479926100544
2023-01-08,53,0.020161902904788365,-0.8357575086089608,35,0.4777067997575095,0.043057938639449844
2023-01-09,89,-0.38528366610056963,0.8450755468440618,93,-0.8700039875463197,-0.7638665928528694
2023-01-10,72,-0.48938652486595347,-0.2698972529056416,73,0.5776420993553004,0.8716393288603133
2023-01-11,79,0.7110364353152936,-0.26764964106337397,64,0.49354747490191575,0.4144173781103686
2023-01-12,33,0.21058991079084266,-0.03229594655313228,40,0.5227423302708714,-0.7589499651507376
2023-01-13,68,0.3998985697057258,0.32173553410429023,84,-0.2865557881789249,0.6950486107549818
2023-01-14,78,-0.8870538439350864,0.17653026401940486,80,0.9501008473123154,0.2650715043264418
2023-01-15,82,0.4519420720130596,-0.11549377902168123,97,0.23815490018548924,-0.912300231508093
2023-01-16,43,-0.497233795575605,0.7286151125757065,61,0.07227588456788459,-0.03405037565293645
2023-01-17,73,-0.11376536093816325,-0.8214255357782465,93,0.9018603061869397,-0.5393208791522057
2023-01-18,34,-0.1195070449668274,-0.8835098172255627,96,0.19081817717299998,-0.6855397581550098
2023-01-19,90,-0.12451771701278647,0.7847317495256103,79,-0.48924201860734406,0.7093958149419641
2023-01-20,75,0.6776349480808948,0.7144113915711714,64,-0.19046489680718381,0.9783353544737721
2023-01-21,74,-0.2664377278734327,0.059085807254492195,59,-0.5481915100790438,0.22357386016180025
2023-01-22,69,-0.19583285397440275,-0.30766400718655085,52,-0.6496729455006152,-0.058270589224360014
2023-01-23,46,0.5151974634020802,0.8745361968212235,83,-0.9641590204356456,0.42065172625740166
2023-01-24,31,-0.008196458047611266,-0.5354461487507047,56,0.45214891790009304,-0.8202065445543987
2023-01-25,86,0.05185116698196657,-0.006446246437575631,63,-0.2851447842281045,0.7153949779899367
2023-01-26,92,-0.3232426211997963,-0.2439559960620037,94,0.7318094000056223,0.7714459151200173
2023-01-27,86,0.4604595878832973,-0.023843568902516488,39,0.3007930855363461,0.4813189390719572
2023-01-28,66,-0.4950490965803378,0.47615242645654954,84,0.7472892076477822,0.37117798466295837
2023-01-29,53,-0.451005333120021,-0.6152668382128466,70,-0.20349468603927212,0.3247294751363934
2023-01-30,70,-0.2573325041109249,-0.8715137556224819,31,-0.7378666646265031,-0.3983406735988475
2023-01-31,73,0.5939434258221392,-0.7753552840458549,68,0.7257920555190585,0.8806550434449913
